"X","meanfreq","sd","median","Q25","Q75","IQR","skew","kurt","sp.ent","sfm","mode","centroid","meanfun","minfun","maxfun","meandom","mindom","maxdom","dfrange","modindx","label"
"1","Enregistrer-002.wav",0.161426707123119,0.0769417834161862,0.153977495981425,0.0902661189498125,0.23369173066619,0.143425611716378,2.13300057535938,9.77808489605884,0.947595812004148,0.561732449107556,0.13762457581711,0.161426707123119,0.122852495417661,0.0470127326150832,0.27906976744186,0.643531181619256,0,6.0703125,6.0703125,0.0843625082035678,"male"
"2","Enregistrer-011.wav",0.217895720275629,0.0687842004932542,0.245839210155148,0.213356840620592,0.263808180535966,0.0504513399153738,2.49246047801743,9.46641832866797,0.902294971096559,0.433203800318536,0.274569816643159,0.217895720275629,0.138591112805227,0.0470127326150832,0.27906976744186,1.02365451388889,0,4.640625,4.640625,0.0982508006898251,"female"
"3","Enregistrer-012.wav",0.20439158422594,0.0734069226688999,0.231595744680851,0.159063829787234,0.261829787234043,0.102765957446809,3.12805017711317,15.1759094892808,0.922924585756737,0.528822108364031,0.279553191489362,0.20439158422594,0.124676375266688,0.047244094488189,0.275862068965517,1.06010960820896,0,6.1875,6.1875,0.0965007215007215,"male"
"4","Enregistrer-013.wav",0.213683985242905,0.0720041308401032,0.247843849296414,0.179464366772583,0.267544257830232,0.0880798910576487,3.41109810034391,17.0891670965593,0.908928579250462,0.498680696561519,0.275424421243759,0.213683985242905,0.138199552860682,0.0473840078973346,0.275862068965517,0.870557598039216,0,4.8046875,4.8046875,0.0721254355400697,"male"
"5","Enregistrer-014.wav",0.218617294944814,0.0543036455412368,0.235938553765455,0.196493068565006,0.252933683027351,0.0564406144623455,3.16588947800821,16.5976453672934,0.896148991342748,0.374712342799546,0.250310977894342,0.218617294944814,0.139385056674581,0.0473840078973346,0.27906976744186,1.7454459798995,0,6.0234375,6.0234375,0.139456908684494,"male"
"6","Enregistrer-015.wav",0.229013497965384,0.0497902901675856,0.240084602368866,0.215211505922166,0.262707275803722,0.0474957698815567,2.1676655435965,7.83137268901266,0.878960049167254,0.29277219427117,0.268274111675127,0.229013497965384,0.152860748465544,0.0473840078973346,0.27906976744186,1.01452702702703,0,5.0390625,5.0390625,0.137143607935882,"female"
"7","Enregistrer-016.wav",0.220554102627139,0.0574930306709567,0.231014578994347,0.21127045522166,0.26083903600119,0.0495685807795299,2.87611752375088,13.2815653705014,0.891919855139014,0.360424320565459,0.229431716750967,0.220554102627139,0.181238634970175,0.0469667318982388,0.27906976744186,1.58277138157895,0,15.984375,15.984375,0.0694007702363707,"female"
"8","Enregistrer-017.wav",0.228849391034898,0.0477823572937716,0.243071271124173,0.213445995591477,0.259015429831007,0.0455694342395298,2.0769632872898,6.84138281875311,0.888633743877533,0.30430219237422,0.257060984570169,0.228849391034898,0.171699499648244,0.0474777448071217,0.27906976744186,1.64743822674419,0,6.1171875,6.1171875,0.200372786579683,"male"
"9","Enregistrer-018.wav",0.220836204816648,0.0601315683664077,0.240455984800507,0.214743508549715,0.256681443951868,0.0419379354021533,2.66987195350206,10.8441385638731,0.894322550858515,0.393534522653602,0.234781507283091,0.220836204816648,0.169225848076841,0.0469667318982388,0.27906976744186,1.49798145933014,0,18.3046875,18.3046875,0.0427617249891099,"male"
"10","Enregistrer-019.wav",0.181731462429744,0.0590206733010945,0.18907915993538,0.150102315562736,0.225341949380722,0.075239633817986,1.16916688959939,3.89991590037183,0.952227406415917,0.58687730970662,0.188400646203554,0.181731462429744,0.161975106350296,0.0473372781065089,0.277456647398844,1.04879679144385,0,20.578125,20.578125,0.0506339947595033,"male"
"11","Enregistrer-020.wav",0.189352664767763,0.0491810170299554,0.191100375738057,0.161266774020397,0.224991948470209,0.0637251744498121,1.38091905026875,4.45421856997817,0.932679539998262,0.451432754686214,0.164498121309716,0.189352664767763,0.167932676937483,0.0471512770137525,0.27906976744186,1.0669921875,0,5.4609375,5.4609375,0.158250388092412,"male"
"12","Enregistrer-021.wav",0.183626248721679,0.0562633656160027,0.194384711555635,0.155777817467405,0.221989641007323,0.0662118235399178,1.57034819889571,5.27739076189774,0.945640776085551,0.555934869467041,0.203486336845865,0.183626248721679,0.16517038392079,0.0469208211143695,0.27906976744186,1.07322115384615,0,15.984375,15.984375,0.0608795711871978,"male"
"13","Enregistrer-023.wav",0.165049761857208,0.0662171008375305,0.160978746204679,0.129973209501697,0.213888194320414,0.0839149848187176,1.68018291801469,6.4583747470554,0.963038467121162,0.664685431957556,0.148876585104483,0.165049761857208,0.144455638385566,0.0469667318982388,0.27906976744186,1.05695564516129,0,16.265625,16.265625,0.0611650885137917,"male"
"14","Enregistrer-024.wav",0.165749987478877,0.0679301076039151,0.162348847324924,0.130013049151805,0.212648977816442,0.0826359286646368,1.72431974653859,7.0304339777224,0.963300221369526,0.686431835324423,0.155528490648108,0.165749987478877,0.148974367462412,0.0469208211143695,0.27906976744186,1.29469086021505,0,16.3125,16.3125,0.0537939842339367,"male"
"15","Enregistrer-025.wav",0.166287482981511,0.0644186505936957,0.155877835327737,0.135774245400964,0.206486872655831,0.0707126272548669,2.52482463485775,11.3846298933753,0.945910097362816,0.579709668127777,0.149476692266476,0.166287482981511,0.137781610651354,0.0473372781065089,0.27906976744186,0.809403153153153,0,15.984375,15.984375,0.041833359879325,"male"
"16","Enregistrer-026.wav",0.172209097561082,0.0638195286386939,0.176181460975174,0.13377388819432,0.220089301661011,0.0863154134666905,1.06949543433346,3.80193664718756,0.966576880385774,0.657420458021293,0.171680657260225,0.172209097561082,0.158217525621402,0.0471050049067713,0.27906976744186,1.3150390625,0,16.1015625,16.1015625,0.0686517360845102,"male"
"17","Enregistrer-028.wav",0.199856517558964,0.0523222504846177,0.212592592592593,0.176872427983539,0.23477366255144,0.0579012345679012,1.87950702268417,6.4031161136349,0.901373741388097,0.413235080273677,0.210864197530864,0.199856517558964,0.170025616028141,0.0491299897645855,0.277456647398844,1.89204545454545,0.140625,15.65625,15.515625,0.102719033232628,"male"
"18","Enregistrer-029.wav",0.17381273454905,0.0573734681395123,0.169098875976376,0.12925128595923,0.221535530577253,0.0922842446180225,1.25762336040202,4.9988130212881,0.950637934066786,0.492115573777713,0.11991617450943,0.17381273454905,0.125996514813038,0.0469208211143695,0.27906976744186,0.496149713467049,0,15.8671875,15.8671875,0.0300506815025783,"male"
"19","Enregistrer-030.wav",0.193142404856065,0.0385033781166323,0.195384890158957,0.177381675299161,0.216738703339882,0.0393570280407216,2.27026180199915,8.33651217140312,0.900672984722489,0.275357540964658,0.19278442579032,0.193142404856065,0.150473222690592,0.0470127326150832,0.27906976744186,1.1030724789916,0,16.265625,16.265625,0.0665542114618026,"female"
"20","Enregistrer-031.wav",0.186705680721843,0.0540347436221256,0.178681907483479,0.153877478121093,0.235792105733167,0.0819146276120736,1.73185888901808,6.80341919514543,0.936131023401229,0.400848785863301,0.171130559028398,0.186705680721843,0.123360486420901,0.0470588235294118,0.27906976744186,1.08005798969072,0,12,12,0.0811164033457249,"male"
"21","Enregistrer-033.wav",0.201124644083208,0.0463592863781044,0.205586711912842,0.177231648508662,0.236092159314163,0.058860510805501,1.56355702406241,4.98312710174923,0.924832695858897,0.376230191195218,0.179332023575639,0.201124644083208,0.148530431069241,0.0469208211143695,0.27906976744186,0.567678052325581,0,15.703125,15.703125,0.0331098132525777,"female"
"22","Enregistrer-034.wav",0.196770755603584,0.0443105507152596,0.201936060010716,0.174731202000357,0.227690659046258,0.0529594570459011,1.83705346927652,6.39953405212425,0.918436546864286,0.386430451922243,0.204636542239686,0.196770755603584,0.159917502275687,0.0469208211143695,0.27906976744186,0.700613839285714,0,14.34375,14.34375,0.0385920640445527,"female"
"23","Enregistrer-035.wav",0.1720600139524,0.0599936834304542,0.189333809608859,0.140225040185747,0.213638149669584,0.0734131094838364,2.18566266266917,8.17200057287104,0.945746764888838,0.596267635425663,0.192534381139489,0.1720600139524,0.16858276737029,0.0469208211143695,0.277456647398844,0.57776558716707,0,16.1015625,16.1015625,0.0416693823459124,"female"
"24","Enregistrer-036.wav",0.179642080401491,0.0537248139109865,0.174731202000357,0.147126272548669,0.213038042507591,0.0659117699589212,1.62006749799004,5.71894946614302,0.938648671378983,0.458813501603433,0.154677621003751,0.179642080401491,0.143446614350219,0.0470127326150832,0.277456647398844,1.35276003649635,0,15.2578125,15.2578125,0.0744694191040472,"male"
"25","Enregistrer-037.wav",0.171407849221811,0.0514430648095055,0.173999549853702,0.149295521044339,0.202610848525771,0.0533153274814315,2.07790211964459,7.88357716698113,0.938178452530229,0.489410324387909,0.173306324555481,0.171407849221811,0.145761086751989,0.0469667318982388,0.27906976744186,0.443566176470588,0,6.515625,6.515625,0.0484445776711964,"female"
"26","Enregistrer-039.wav",0.17087710555747,0.053305216184411,0.174581175209859,0.150626897660296,0.200885872477228,0.0502589748169316,2.20791489847332,8.29295782779801,0.936642085971416,0.574948470687205,0.170130380425076,0.17087710555747,0.155016930816723,0.0469208211143695,0.27906976744186,1.31903935185185,0,16.03125,16.03125,0.0644600490864467,"male"
"27","Enregistrer-038.wav",0.215444998578675,0.0456260554024907,0.225890337560279,0.202186104661547,0.244793713163065,0.0426076085015181,2.24222403668872,8.19686902807731,0.907611183146587,0.342848256888733,0.214638328272906,0.215444998578675,0.166614503565124,0.0469208211143695,0.27906976744186,0.623974492840095,0,14.8828125,14.8828125,0.0328954548998207,"female"
"28","Louispatates.wav",0.188524167435069,0.0616491201991412,0.183324808184143,0.139104859335038,0.253503836317136,0.114398976982097,3.15427018526758,17.1375551036501,0.907217078353978,0.434555296641824,0.139462915601023,0.188524167435069,0.139998569098085,0.0469208211143695,0.274285714285714,0.81989767699115,0,16.3125,16.3125,0.0668038728383556,"male"
"29","Louispatinoire.wav",0.184206038368201,0.0539559270220736,0.177525773195876,0.144329896907216,0.22659793814433,0.0822680412371134,1.85622504675069,7.95661621355617,0.92766599114555,0.457789681908723,0.136103092783505,0.184206038368201,0.140398121797357,0.0469208211143695,0.275862068965517,0.783052884615385,0,5.53125,5.53125,0.117951700454193,"male"
"30","Louisracisme.wav",0.181931523987583,0.0581424968738326,0.178650871997368,0.138848305363606,0.232642316551497,0.0937940111878908,1.59075562289042,6.26299950104808,0.938149745473301,0.476447758636199,0.140598881210925,0.181931523987583,0.126159071528863,0.0471050049067713,0.275862068965517,0.642899525316456,0,16.3359375,16.3359375,0.0310096612705587,"male"
"31","Louistraficotage.wav",0.182249111300139,0.050919795553413,0.181098752949107,0.152692955847658,0.21082574991574,0.0581327940680822,1.66017069961708,5.59655296196934,0.927957196771483,0.455283893697602,0.176852039096731,0.182249111300139,0.146759892401983,0.0472906403940887,0.27906976744186,0.898944805194805,0,16.21875,16.21875,0.0701189616019818,"male"
"32","loulou-sushi-english.wav",0.188313844143146,0.0578919648375091,0.189483836399357,0.144925879621361,0.235542061082336,0.0906161814609752,1.33848892735924,5.11672876641858,0.945411427100125,0.502150338764402,0.139574924093588,0.188313844143146,0.118888476046448,0.0469208211143695,0.27906976744186,0.670011467889908,0,15.9609375,15.9609375,0.0358275842961239,"male"
"33","loulou-sushi-fr.wav",0.188820478080665,0.0567539642892507,0.194134666904804,0.142825504554385,0.235342025361672,0.092516520807287,1.29843350012704,5.16842765724127,0.94568334439443,0.504248299401795,0.22869083764958,0.188820478080665,0.114791020669417,0.0469208211143695,0.275862068965517,0.322634219088937,0,6.8203125,6.8203125,0.033764012065007,"male"
"34","seb.wav",0.161728073269219,0.0640962440927788,0.157278085372388,0.129773173781032,0.200235756385069,0.0704625826040364,2.06880872858329,8.92595582698029,0.956938040410697,0.614260670853175,0.139174852652259,0.161728073269219,0.139722282722808,0.0469208211143695,0.27906976744186,1.184875,0,15.6328125,15.6328125,0.0598379787379038,"male"
"35","seb2.wav",0.172800950967298,0.0653935128341262,0.160128594391856,0.135424182889802,0.234541882479014,0.0991176995892123,2.07378438511608,8.16591545800865,0.947493795616201,0.549306817973357,0.145876049294517,0.172800950967298,0.141553545904717,0.0469667318982388,0.27906976744186,1.05327634162304,0,15.8671875,15.8671875,0.0567815301187754,"male"
"36","Soilhat.wav",0.189057577897234,0.0480055205251965,0.191384175745669,0.164779424897303,0.224440078585462,0.0596606536881586,1.69428489545032,5.85109390068903,0.931210101870568,0.448097672100632,0.175531344883015,0.189057577897234,0.139604150707762,0.0470127326150832,0.27906976744186,0.683852932464455,0,12,12,0.0589095537935323,"female"
"37","Soilhatfamille hachis parmentier.wav",0.186133157554741,0.0411766608044434,0.185425742574257,0.172910891089109,0.20419801980198,0.0312871287128713,3.43040647057351,17.4242433752967,0.888591221141311,0.347475404313191,0.182653465346535,0.186133157554741,0.152698104966083,0.0469208211143695,0.27906976744186,0.6494140625,0,6.234375,6.234375,0.0677723721067374,"female"
"38","Steph1.wav",0.184029654198134,0.0516447210368165,0.186064162754304,0.140109546165884,0.224186228482003,0.0840766823161189,0.96546237181268,3.45475414324047,0.940862635111698,0.389284268466735,0.133974960876369,0.184029654198134,0.138513242777282,0.0469667318982388,0.27906976744186,1.16951695884146,0,16.265625,16.265625,0.0705677607694899,"female"
"39","steph2.wav",0.173350355898759,0.0632305191005499,0.148976602964815,0.122671905697446,0.239892838006787,0.117220932309341,2.49467712988187,11.3313953631675,0.930915397281452,0.39908282555322,0.123422039649937,0.173350355898759,0.122032602896472,0.0470588235294118,0.27906976744186,0.993632445141066,0,16.2421875,16.2421875,0.0456548282635239,"female"
"40","Steph3.wav",0.158411328777155,0.0678622062987706,0.147076263618503,0.114820503661368,0.219289158778353,0.104468655116985,1.7748309558224,7.99845074569181,0.965964552891804,0.717527044471429,0.143575638506876,0.158411328777155,0.133846487663362,0.0470588235294118,0.27906976744186,1.18258351293103,0,16.265625,16.265625,0.0710854947166186,"female"
"41","steph4.wav",0.178597847565403,0.0529150059838247,0.174981246651188,0.138574745490266,0.219389176638685,0.0808144311484194,1.0557775708192,3.65723292674178,0.946173571750308,0.438571993244133,0.168980175031256,0.178597847565403,0.139360860521461,0.0470588235294118,0.27906976744186,1.08176577669903,0,15.28125,15.28125,0.0525941210222006,"female"
"42","Steph5.wav",0.177840483038159,0.0561471548568765,0.16622968387212,0.135024111448473,0.231441328808716,0.0964172173602429,1.85132380835568,7.71776510107761,0.936496899728391,0.446892693211124,0.134173959635649,0.177840483038159,0.129337972696881,0.0469208211143695,0.27906976744186,0.89611925074184,0,16.3359375,16.3359375,0.045157365199862,"female"
"43","FAnz.wav",0.19634621665547,0.0514097621472101,0.201001810500905,0.171852745926373,0.230066385033192,0.0582136391068195,1.49559207682205,5.02991365386624,0.931829514080521,0.446855954743051,0.201508750754375,0.19634621665547,0.125475697114428,0.0470127326150832,0.27906976744186,0.332427978515625,0,5.6015625,5.6015625,0.0400695100553381,"female"
"44","Fcorine.wav",0.171458156216325,0.0506979200650585,0.161528844436507,0.135974281121629,0.205336667262011,0.0693623861403822,1.73820691411813,6.64970484123942,0.937441633960558,0.44210582770789,0.133623861403822,0.171458156216325,0.123699060713839,0.0470588235294118,0.27906976744186,0.741916098014888,0,16.3359375,16.3359375,0.0450986603066947,"female"
"45","FDoumi.wav",0.180970445250526,0.0476406432572574,0.175845410628019,0.154484702093398,0.205378421900161,0.0508937198067633,2.66534230337537,11.644813978837,0.917802381188997,0.380628660160297,0.157866344605475,0.180970445250526,0.1492195374776,0.0470127326150832,0.27906976744186,0.834582018927445,0,7.1953125,7.1953125,0.0995999387884485,"female"
"46","FJeanne.wav",0.201133666826631,0.0593637710425823,0.216170520231214,0.190173410404624,0.240447976878613,0.0502745664739884,2.02551869737721,7.70383609191043,0.93128293611315,0.459880710252655,0.22653901734104,0.201133666826631,0.174053253050018,0.0469667318982388,0.27906976744186,1.16370045731707,0,16.359375,16.359375,0.0621110821683888,"female"
"47","FMaman.wav",0.171763835633472,0.0504424751940226,0.163129130201822,0.1444257903197,0.201385961778889,0.0569601714591891,2.32728688965269,9.60135177183511,0.931528825027274,0.474700598274338,0.153327379889266,0.171763835633472,0.143522076525389,0.0469667318982388,0.27906976744186,0.816538665254237,0,13.2890625,13.2890625,0.0539014317482226,"female"
"48","MGrand-pere.wav",0.153715237630776,0.0684217706288877,0.1607747318236,0.0979499404052444,0.208581644815256,0.110631704410012,1.99779503414086,7.92038031828525,0.948136660399338,0.605384996916591,0.0982002383790227,0.153715237630776,0.106513161824931,0.0469667318982388,0.27906976744186,0.350115740740741,0,5.1328125,5.1328125,0.0662690914816564,"male"
"49","Mlionel2.wav",0.169586669360437,0.0569045098703434,0.16532952312913,0.123222003929273,0.217888908733702,0.0946669048044294,1.29489386326452,5.20041630113744,0.951202534332816,0.492434955451517,0.174131094838364,0.169586669360437,0.11894596160477,0.0470588235294118,0.27906976744186,0.613909390703518,0,16.03125,16.03125,0.0412618378842996,"male"
"50","MSebRapide.wav",0.196421250809937,0.0709128002367458,0.230412782956059,0.150625832223702,0.244953395472703,0.0943275632490014,3.64072182967529,19.5251932089096,0.907165608801354,0.536577705581878,0.231904127829561,0.196421250809937,0.159135411862303,0.0509013785790032,0.274285714285714,1.00596217105263,0.046875,5.765625,5.71875,0.194785974499089,"male"
"51","Mvincent.wav",0.173024795000463,0.0660432718642031,0.170020672805864,0.119293365908664,0.229904153354633,0.110610787445969,1.5249176908597,5.65759434911534,0.953787316964188,0.58304085221888,0.225273444841195,0.173024795000463,0.121534071479355,0.0469667318982388,0.27906976744186,1.02421875,0,16.1484375,16.1484375,0.0532799369277357,"male"
"52","FGwendo.wav",0.198922998025061,0.060818317958863,0.21653023062539,0.188373156035737,0.237997091211303,0.0496239351755662,2.34863202563308,9.62001393038512,0.925752050189941,0.451129707061895,0.227641803448992,0.198922998025061,0.167775859133073,0.0469667318982388,0.275862068965517,0.943056610942249,0,15.890625,15.890625,0.0481341012314464,"female"
"53","Mlionel1.wav",0.177843962500219,0.0575415285107525,0.183732809430255,0.124722271834256,0.228090730487587,0.103368458653331,1.06601007271768,3.87958303260566,0.945325080222805,0.42636312597533,0.126272548669405,0.177843962500219,0.120559840521165,0.0469667318982388,0.27906976744186,0.485411140583554,0,15.703125,15.703125,0.0330412544021466,"male"
"54","MMaxime.wav",0.187183410273243,0.0645795392472112,0.210516268980477,0.127791757049892,0.24234273318872,0.114550976138829,1.59205665502717,5.51231864787954,0.933809121866811,0.464116599994745,0.120989154013015,0.187183410273243,0.12187614988187,0.0470127326150832,0.27906976744186,0.921960616438356,0,16.3359375,16.3359375,0.0431055498495342,"male"
"55","TestEnregistrer-039.wav",0.178799277206631,0.0613467624565434,0.18616497829233,0.147380607814761,0.223849493487699,0.0764688856729377,1.36943948341477,5.08614432601486,0.957774373098972,0.627449729270828,0.157973950795948,0.178799277206631,0.163417947438335,0.0471512770137525,0.27906976744186,1.07524441340782,0,16.3125,16.3125,0.0456516227180527,"male"
"56","TestEnregistrer-040.wav",0.181239865382029,0.0743543029737311,0.196946859903382,0.136708534621578,0.242756843800322,0.106048309178744,1.54025350702731,6.07207996291518,0.962105040599216,0.692491280801286,0.25943961352657,0.181239865382029,0.163581745324373,0.0471050049067713,0.27906976744186,1.77035788381743,0,21.5390625,21.5390625,0.0744765674833965,"male"
"57","TestEnregistrer-041.wav",0.170692888065201,0.0677851580862755,0.165341246290801,0.133353115727003,0.229940652818991,0.0965875370919881,1.77164689042738,6.72573279387109,0.949955724567485,0.644296615517958,0.155578635014837,0.170692888065201,0.134072205620319,0.0473372781065089,0.277456647398844,0.468240489130435,0,4.21875,4.21875,0.0943196004993758,"male"
"58","newInput",0.176660690669063,0.045931290898943,0.177816979051819,0.151422271223815,0.198346196251378,0.0469239250275634,2.4689509487068,10.6921560489647,0.909524082564761,0.40413059493545,0.185380374862183,0.176660690669063,0.141423939272457,0.0487309644670051,0.268156424581006,0.625515919811321,0,5.859375,5.859375,0.0667722772277228,"male"
"110","newInput",0.186676015840298,0.0477640914492018,0.192610441767068,0.152289156626506,0.213815261044177,0.0615261044176707,1.86594423908421,7.34052951396878,0.91583031257499,0.391613725122825,0.184738955823293,0.186676015840298,0.145446791510527,0.0475247524752475,0.274285714285714,0.876085069444444,0.1171875,6.28125,6.1640625,0.112444165528443,"male"
"111","newInput",0.159375904014076,0.0522617859259648,0.147357197258187,0.128164508758568,0.174440213252094,0.0462757044935263,2.7543140499278,12.9314384167373,0.898252572777344,0.393842985164514,0.14031987814166,0.159375904014076,0.118571489208775,0.047244094488189,0.277456647398844,0.653716216216216,0,5.9765625,5.9765625,0.0973471741637832,"male"
"112","newInput",0.176787805879178,0.0805838085398898,0.205058823529412,0.110352941176471,0.242529411764706,0.132176470588235,1.67758332448499,6.30139732669676,0.961045811517279,0.72993486490218,0.258794117647059,0.176787805879178,0.178905448022877,0.047713717693837,0.27906976744186,0.913558467741935,0,7.40625,7.40625,0.113677918424754,"female"
"113","newInput",0.18032894900859,0.0642440752503211,0.161378378378378,0.132621621621622,0.246891891891892,0.11427027027027,1.687847121185,5.52744004406895,0.909539320884842,0.413092882030139,0.135459459459459,0.18032894900859,0.129289458666422,0.0471512770137525,0.275862068965517,0.924408783783784,0,6.421875,6.421875,0.0917321729365525,"male"
"114","newInput",0.212922635583844,0.0632918672733189,0.23194880744619,0.197905759162304,0.258173356602676,0.0602675974403723,1.95732611373832,6.70566625679738,0.912243945691425,0.455964263964755,0.265503199534613,0.212922635583844,0.177722196308834,0.047713717693837,0.27906976744186,0.899726941747573,0,6.9609375,6.9609375,0.088054457619675,"female"
"115","newInput",0.199443554602487,0.0768048531940866,0.230197628458498,0.162245059288538,0.255209486166008,0.0929644268774703,2.05623177748045,7.03136731035266,0.920323097779196,0.51652414645118,0.238608695652174,0.199443554602487,0.182153718037121,0.0470127326150832,0.27906976744186,0.84404296875,0,7.1953125,7.1953125,0.11207783301903,"female"
"116","newInput",0.185772041720676,0.0858978117602541,0.225642458100559,0.100111731843575,0.255754189944134,0.155642458100559,2.37914358673023,9.56362639289571,0.941566919372421,0.629486802205155,0.26963687150838,0.185772041720676,0.165534696433245,0.047244094488189,0.27906976744186,0.822289156626506,0,7.4765625,7.4765625,0.0628609140405874,"female"
"117","newInput",0.18648401935095,0.0798184695392108,0.220384615384615,0.120769230769231,0.254615384615385,0.133846153846154,2.27773219317109,8.93788436989881,0.950952991864763,0.685176467958304,0.2625,0.18648401935095,0.154399208233639,0.0471976401179941,0.27906976744186,1.18019153225806,0,8.3203125,8.3203125,0.0883512841756421,"female"
"118","newInput",0.20274347053542,0.0692318049519347,0.22150204824761,0.17944469731452,0.25820664542558,0.0787619481110605,2.38559142415574,9.61589763770119,0.933858017197975,0.578915764808162,0.265853436504324,0.20274347053542,0.197178596389481,0.048048048048048,0.27906976744186,1.06402587890625,0,20.578125,20.578125,0.0474209489981082,"female"
"119","newInput",0.189710424431489,0.0565182925521015,0.187465105808195,0.154056731202161,0.236380009004953,0.0823232778027916,1.2850639779964,4.42695152720221,0.932678964258459,0.479951452865946,0.155317424583521,0.189710424431489,0.135212635204359,0.0469667318982388,0.274285714285714,0.940925480769231,0,7.2890625,7.2890625,0.0928456591639871,"male"
"120","newInput",0.161241508506955,0.0613244020394858,0.16289156626506,0.143935742971888,0.197269076305221,0.0533333333333333,4.14003976701227,29.7297527435873,0.931325908966604,0.589022982112189,0.153253012048193,0.161241508506955,0.144613186261141,0.0470588235294118,0.27906976744186,1.32142857142857,0,7.171875,7.171875,0.149442837244187,"male"
"121","newInput",0.184633231323142,0.083511126448188,0.216212063004226,0.113807145601229,0.253753361505955,0.139946215904725,1.81462479871017,6.62256699162052,0.952638226415381,0.645999470456017,0.257195543603534,0.184633231323142,0.18129700704467,0.0469667318982388,0.277456647398844,1.20572916666667,0,7.2890625,7.2890625,0.157296198222054,"female"
"122","newInput",0.174638741206655,0.0684818955761716,0.197900318133616,0.125450689289502,0.224623541887593,0.0991728525980912,2.30910515825966,9.89966202409173,0.946026477777227,0.632241021183038,0.222248144220573,0.174638741206655,0.176222287115364,0.047244094488189,0.27906976744186,1.24819214876033,0,7.9921875,7.9921875,0.127212053797148,"female"
"123","newInput",0.220473547122203,0.0502392507836442,0.231242774566474,0.197861271676301,0.257138728323699,0.0592774566473988,1.82120339797186,6.58774946087799,0.889059130005452,0.31364430239269,0.259971098265896,0.220473547122203,0.175047592060945,0.049740932642487,0.27906976744186,1.33567994505495,0,7.265625,7.265625,0.190472618154539,"female"
"124","newInput",0.178572684808123,0.0590139976893138,0.171229597388466,0.140609357997824,0.225614798694233,0.0850054406964091,1.45251446557833,4.88744742556405,0.932844361584256,0.502991229233016,0.142742110990207,0.178572684808123,0.139317008514492,0.0471512770137525,0.275862068965517,0.824731045081967,0,6.984375,6.984375,0.103038111217641,"male"
"125","newInput",0.213697412585569,0.0700875970927849,0.233430353430353,0.19043659043659,0.267609147609148,0.0771725571725572,3.3238817666614,17.2477616773305,0.914570019298907,0.466496189747149,0.276174636174636,0.213697412585569,0.132570028798367,0.0469208211143695,0.277456647398844,2.3128612716763,0,7.453125,7.453125,0.145642972983664,"male"
"126","newInput",0.198550266972629,0.0681173050849338,0.212254831782391,0.187301360057266,0.245726556907659,0.0584251968503937,1.92267585520094,7.14233104262535,0.927944296076811,0.505207380879937,0.204838940586972,0.198550266972629,0.131481498186373,0.047244094488189,0.27906976744186,1.89453125,0,5.484375,5.484375,0.225087412587413,"male"
"127","newInput",0.191607896981437,0.0517024623891634,0.199208222306814,0.175013323182337,0.219779215835554,0.0447658926532166,2.17243744316105,8.25619394563462,0.915938263361352,0.449642886171858,0.214556528359345,0.191607896981437,0.153463190616997,0.0479041916167665,0.275862068965517,1.91698145604396,0,5.53125,5.53125,0.161016949152542,"male"
"128","newInput",0.161046994795786,0.0775976824265438,0.185040770941438,0.102327650111193,0.216590066716086,0.114262416604893,1.92266038421312,7.04109712686248,0.940019279610453,0.576708243107802,0.183276501111935,0.161046994795786,0.161010072920945,0.0469667318982388,0.27906976744186,2.07936507936508,0,5.34375,5.34375,0.165120170368117,"male"
"129","newInput",0.175505836793491,0.0741417343773161,0.199059363349584,0.12181244622885,0.241215944938342,0.119403498709492,2.25041690630305,9.83302598678807,0.960587671411101,0.699735916950669,0.20572411815314,0.175505836793491,0.119858778498404,0.0470588235294118,0.277456647398844,1.23077713815789,0,6.0234375,6.0234375,0.12520844913841,"male"
"130","newInput",0.158189456879253,0.0655354048847777,0.173956997359487,0.114070162202942,0.199622783855149,0.0855526216522067,3.01988561826272,15.683303321809,0.957789587890551,0.706815908071166,0.181878536401358,0.158189456879253,0.167964523407108,0.048,0.27906976744186,1.26251594387755,0,17.671875,17.671875,0.0610222184193263,"male"
"131","newInput",0.179757956626832,0.0806615636427606,0.204437333333333,0.106848,0.249834666666667,0.142986666666667,2.14638782914987,8.98963089873014,0.963456698329615,0.70177956105993,0.269621333333333,0.179757956626832,0.180353215675235,0.0484359233097881,0.27906976744186,0.932604166666667,0,8.4609375,8.4609375,0.0427364562230399,"female"
"132","newInput",0.223497400869845,0.0620409645028599,0.243205776173285,0.21358844765343,0.262512635379061,0.0489241877256318,2.55454070640221,11.1786405052082,0.895474346445398,0.384865934209272,0.262512635379061,0.223497400869845,0.177030203809041,0.0469667318982388,0.27906976744186,2.67757881637168,0,7.3828125,7.3828125,0.226132756132756,"female"
"133","newInput",0.217475588436549,0.0620350570741959,0.234622614639704,0.208385075477072,0.257909427513529,0.0495243520364568,2.35022176407637,8.83004783671805,0.905430316043442,0.40050244400826,0.259823412133295,0.217475588436549,0.171652089493801,0.0469667318982388,0.27906976744186,2.12962431066176,0,7.7578125,7.7578125,0.1601439081202,"female"
"134","newInput",0.210161914679832,0.0759416775201791,0.243125251711639,0.186516310914217,0.260716874748288,0.0742005638340717,2.57812665271366,10.1866455308539,0.911911709393827,0.46598594279062,0.258687072090213,0.210161914679832,0.160638846214452,0.0469667318982388,0.27906976744186,1.86895940721649,0,7.5703125,7.5703125,0.218820880448999,"female"
"135","newInput",0.196628954049501,0.0776882675713607,0.223943161634103,0.173214920071048,0.250301953818828,0.0770870337477797,1.91737075081276,6.94006750041242,0.934257840659022,0.525165029080505,0.253854351687389,0.196628954049501,0.164363511988961,0.0469208211143695,0.27906976744186,2.49322484439834,0,17.4609375,17.4609375,0.101168504314477,"female"
"136","newInput",0.214388723388226,0.0674586672089632,0.238817063595917,0.200272180057577,0.257869667626276,0.0575974875686993,2.2110617600625,8.11891749827947,0.911930297678917,0.41018334264638,0.241748233446742,0.214388723388226,0.18457542161575,0.0469667318982388,0.27906976744186,2.52182904411765,0,7.9921875,7.9921875,0.263812316715543,"female"
"137","newInput",0.137152366888137,0.072376315520825,0.14722525804493,0.0698724954462659,0.195336976320583,0.125464480874317,0.846125522969149,3.96159055077007,0.975664124609336,0.794839181753404,0.175446265938069,0.137152366888137,0.147116923505522,0.0471512770137525,0.27906976744186,1.1412109375,0,7.1484375,7.1484375,0.115711591469607,"male"
"138","newInput",0.152912305694567,0.0873959818230609,0.181276166456494,0.0564237074401009,0.224988650693569,0.168564943253468,1.65483704277204,8.93688976422363,0.964925749668621,0.706211595746824,0.0261286254728878,0.152912305694567,0.165324364284477,0.0473840078973346,0.277456647398844,2.3897088762215,0,7.640625,7.640625,0.234189847886377,"female"
"139","newInput",0.165419889167265,0.0844010323133145,0.182533470648816,0.102945417095778,0.234823206316512,0.131877789220735,1.77463385311594,9.13684780906323,0.95772137409159,0.66696897125347,0.0261448678338483,0.165419889167265,0.144915235204593,0.0471512770137525,0.27906976744186,2.11844758064516,0,7.546875,7.546875,0.149435486338463,"female"
"140","newInput",0.184615078799288,0.0752888342138075,0.206446700507614,0.167597292724196,0.234754653130288,0.0671573604060914,1.6017978993226,5.61783224283641,0.936381082923141,0.537436584701885,0.026175972927242,0.184615078799288,0.169081423240198,0.0471050049067713,0.27906976744186,2.61116803278689,0,17.578125,17.578125,0.0907495291902072,"female"
"141","newInput",0.197037981239375,0.0826168317014623,0.232861271676301,0.156184971098266,0.259364161849711,0.103179190751445,1.99289166791452,6.5320935310368,0.92565351219978,0.551977489300496,0.247225433526012,0.197037981239375,0.181063611303653,0.0479041916167665,0.27906976744186,2.15578125,0,7.6171875,7.6171875,0.178558704453441,"female"
"142","newInput",0.169137195781915,0.0855352158973663,0.2032,0.0858666666666667,0.246666666666667,0.1608,2.43455198186641,9.97235393814852,0.954338666954893,0.715721648869436,0.244,0.169137195781915,0.191102685019572,0.0478564307078764,0.27906976744186,1.13792067307692,0,6.7734375,6.7734375,0.197950838089246,"female"
"143","newInput",0.183626800121856,0.0640517363092267,0.186330481764971,0.146996848266547,0.231715443493922,0.0847185952273751,1.33368892259597,4.53509462365558,0.94545253444457,0.57546297880226,0.18166591625394,0.183626800121856,0.141258874903409,0.0469667318982388,0.274285714285714,0.777256944444444,0,7.3359375,7.3359375,0.0708112920965799,"male"
"144","newInput",0.184007121721246,0.0786017367395894,0.211988636363636,0.110767045454545,0.244005681818182,0.133238636363636,1.34903216984435,4.26351378111024,0.94528503155485,0.623391877528003,0.218948863636364,0.184007121721246,0.16104302665811,0.0473840078973346,0.27906976744186,2.373046875,0,7.59375,7.59375,0.15702947845805,"female"
"145","newInput",0.184030115455546,0.0667320387725212,0.194720449323462,0.173418432473832,0.226173091651774,0.0527546591779423,2.82296197100594,13.3082782204527,0.93099967908456,0.52328189941386,0.189359203472045,0.184030115455546,0.164515194169855,0.0471976401179941,0.27906976744186,2.21050497404844,0,7.4765625,7.4765625,0.194345625961279,"female"
"146","newInput",0.179926289154611,0.0768621428257276,0.208364918466285,0.120008814455707,0.240387836051124,0.120379021595416,1.97722011714906,7.68831461921875,0.960050679553608,0.686698953603278,0.238475099162627,0.179926289154611,0.180292019014359,0.0471976401179941,0.27906976744186,0.920589398734177,0,13.7578125,13.7578125,0.0711897715578141,"female"
"147","newInput",0.201369301981403,0.0684698473117551,0.222443852303007,0.175119908641035,0.250795584316711,0.0756756756756757,1.60208404843728,5.35077535860687,0.934732232381257,0.518983785991235,0.234914350970689,0.201369301981403,0.133086365196781,0.047952047952048,0.27906976744186,1.84126420454545,0,7.4765625,7.4765625,0.209150496126843,"male"
"148","newInput",0.20636954871516,0.0791037902806563,0.243185719189839,0.171479574322005,0.261448678338483,0.0899691040164778,2.66846456700609,10.5272976209591,0.919981725382099,0.528519300839276,0.274905595605905,0.20636954871516,0.195317044447548,0.0469667318982388,0.27906976744186,2.30010416666667,0,7.4296875,7.4296875,0.212768102790142,"female"
"149","newInput",0.17786335550576,0.0756531673224742,0.201558823529412,0.148441176470588,0.227705882352941,0.0792647058823529,2.22467120954246,8.99284066306665,0.93681891831459,0.591642159974977,0.226676470588235,0.17786335550576,0.1608338377435,0.0494335736354274,0.27906976744186,2.4165625,0,7.5,7.5,0.225625,"female"
"150","newInput",0.151281946391695,0.0735879206915301,0.149385474860335,0.0944413407821229,0.221145251396648,0.126703910614525,1.45238413592372,6.33732751593108,0.966106363463793,0.743337583019702,0.093072625698324,0.151281946391695,0.174423686022783,0.0469667318982388,0.27906976744186,1.68690913865546,0,7.1953125,7.1953125,0.162226119880843,"female"
"151","newInput",0.1798435689211,0.0906104731369977,0.207314897413024,0.124139161462979,0.258269402319358,0.134130240856378,2.78337970810696,14.0237028615634,0.934965486222906,0.611020070186906,0.27800178412132,0.1798435689211,0.170087604424578,0.0474308300395257,0.27906976744186,1.6453125,0.09375,6.9609375,6.8671875,0.16849290461649,"female"
"152","newInput",0.178769063675348,0.0815597270592483,0.195031660983926,0.125884072089625,0.25326838772528,0.127384315635655,2.03106103851767,8.16543693560165,0.956121926067057,0.688294942621434,0.255314174378958,0.178769063675348,0.16386370153931,0.0471050049067713,0.27906976744186,2.26151072485207,0.09375,12,11.90625,0.113183011214507,"female"
"153","newInput",0.18789160297864,0.0771223667983187,0.198860971524288,0.151115577889447,0.253922948073702,0.102807370184255,2.33011896757084,11.1701153629187,0.945473430791815,0.60522570274898,0.27934338358459,0.18789160297864,0.1545427196998,0.0470588235294118,0.27906976744186,1.96039402173913,0,7.5234375,7.5234375,0.190263431163579,"female"
"154","newInput",0.183413176249335,0.0721287775148992,0.208824654622742,0.143362380446334,0.239294367693943,0.0959319872476089,2.12175160094462,8.5039900352281,0.956514303054526,0.650682610112395,0.23352178533475,0.183413176249335,0.128439623519821,0.0471512770137525,0.27906976744186,2.04861475840336,0,7.03125,7.03125,0.164734299516908,"male"
"155","newInput",0.200870311750317,0.0698509502640821,0.213189655172414,0.163275862068966,0.259051724137931,0.0957758620689655,2.3344249565317,9.0247124132963,0.936830481851915,0.56409752219633,0.20698275862069,0.200870311750317,0.161807886270305,0.0470127326150832,0.27906976744186,1.7921750498008,0,8.109375,8.109375,0.130291825606702,"female"
"156","newInput",0.20020518236205,0.0664287703447069,0.21978313253012,0.185120481927711,0.247530120481928,0.0624096385542169,1.96877666515053,6.98514179035668,0.931496280266622,0.526215399756801,0.250987951807229,0.20020518236205,0.150595468377165,0.0469208211143695,0.27906976744186,2.09529467680608,0,7.59375,7.59375,0.173485501004881,"female"
"157","newInput",0.206778502360668,0.0688764910413261,0.228557882259976,0.187404188067957,0.254112998814698,0.0667088107467404,1.9138200780216,6.41337284206086,0.926723015341348,0.509763892056075,0.241501382852627,0.206778502360668,0.150784233600044,0.0473372781065089,0.27906976744186,2.09646739130435,0.2578125,7.7578125,7.5,0.202286585365854,"female"
"158","newInput",0.158445442144653,0.0730699637159342,0.147965407373691,0.112407828857533,0.227492034592626,0.115084205735093,1.59392554107549,5.94315089486647,0.965931999024681,0.736831749979096,0.266618115612199,0.158445442144653,0.125183866227929,0.047808764940239,0.27906976744186,1.69738520408163,0,7.3828125,7.3828125,0.178714171519927,"male"
"159","newInput",0.193452531973364,0.0763657371151026,0.226044284859366,0.144943147815679,0.249335727109515,0.104392579293836,2.16017571031738,7.78988894264996,0.941406190684728,0.6258195287021,0.266092160383004,0.193452531973364,0.185412979746046,0.0471512770137525,0.27906976744186,0.743106617647059,0,7.7109375,7.7109375,0.100594687458702,"female"
"160","newInput",0.162144873665659,0.0549979189042926,0.166309303758472,0.142674060382009,0.189081947011707,0.0464078866296981,2.14984404319241,7.35694516596041,0.929569459977489,0.566526882562827,0.180110905730129,0.162144873665659,0.132783359482515,0.0471512770137525,0.265193370165746,0.949116847826087,0,7.0078125,7.0078125,0.096989966555184,"male"
"161","newInput",0.181183979073969,0.0693482636638586,0.169600788565796,0.140482996550025,0.254746180384426,0.114263183834401,2.20804226729598,8.97905413520384,0.935050253420733,0.570306791991785,0.278620009857072,0.181183979073969,0.135440307870373,0.0473840078973346,0.27906976744186,0.776303956834532,0,6.9609375,6.9609375,0.0988005050505051,"male"
"162","newInput",0.143774279091341,0.0668140686853443,0.169341317365269,0.0855089820359281,0.18874251497006,0.103233532934132,3.29719659375649,15.6858566260871,0.92051873966519,0.585678875440754,0.18874251497006,0.143774279091341,0.150270103574341,0.0469208211143695,0.268156424581006,1.27867879746835,0,7.171875,7.171875,0.181690858161446,"female"
"163","newInput",0.183750887289157,0.077252501817849,0.207399209486166,0.156268774703557,0.24104347826087,0.0847747035573122,1.51501624980479,4.96681126766842,0.944505806994048,0.633272106181093,0.192569169960474,0.183750887289157,0.158399361808366,0.0471976401179941,0.27906976744186,1.38255208333333,0,21.2578125,21.2578125,0.0680422113718696,"female"
"164","newInput",0.19240646335967,0.0752240958290093,0.223114624505929,0.16999209486166,0.245913043478261,0.0759209486166008,2.12986524817401,7.85268779030163,0.931580459493374,0.57851317596307,0.234624505928854,0.19240646335967,0.149402751924165,0.0471050049067713,0.27906976744186,0.878407579787234,0,7.03125,7.03125,0.105430711610487,"female"
"165","newInput",0.177551216963765,0.0624295376823692,0.171762652705061,0.142931937172775,0.231378708551483,0.0884467713787085,1.93797556020449,7.48037732612104,0.941538208194911,0.581346448548092,0.173961605584642,0.177551216963765,0.14327136557336,0.0473840078973346,0.277456647398844,0.585227272727273,0,7.3828125,7.3828125,0.0616030434212252,"male"
"166","newInput",0.155751520279327,0.0727095535743381,0.153260473588342,0.101238615664845,0.222367941712204,0.121129326047359,0.953931959349695,4.51986776584647,0.971678299494491,0.775388835908191,0.118069216757741,0.155751520279327,0.131055528663431,0.047244094488189,0.27906976744186,0.883386948529412,0,7.1484375,7.1484375,0.106947697111632,"male"
"167","newInput",0.180371810526312,0.0696183959004834,0.183972081218274,0.127208121827411,0.245266497461929,0.118058375634518,1.69224150499924,6.40149128413853,0.952223306467694,0.626666048683021,0.253261421319797,0.180371810526312,0.12384740200807,0.0477611940298507,0.277456647398844,1.245849609375,0,7.3359375,7.3359375,0.152042824196517,"male"
"168","newInput",0.177689585948337,0.0764235095347632,0.196952141057935,0.112141057934509,0.246146095717884,0.134005037783375,1.86434397507359,8.03006537515556,0.966467574093144,0.73493250326732,0.262015113350126,0.177689585948337,0.156544396546171,0.0469208211143695,0.27906976744186,0.414762126865672,0,7.171875,7.171875,0.0535708175067584,"male"
"169","newInput",0.213593329570953,0.045305897383258,0.218715801228364,0.193545505304299,0.2435734226689,0.0500279173646008,1.48436701199246,4.59631066234453,0.896339019197611,0.29904563068028,0.225281965382468,0.213593329570953,0.137075033925303,0.0474777448071217,0.27906976744186,0.80390625,0,7.171875,7.171875,0.0843201967255549,"male"
"170","newInput",0.167972690397757,0.0571110510138913,0.180477021524142,0.145456660849331,0.201489237929028,0.0560325770796975,2.54854880449957,10.0700225947076,0.934139224316192,0.58837046825157,0.185852239674229,0.167972690397757,0.154142059994107,0.0474777448071217,0.27906976744186,0.515217391304348,0,7.9921875,7.9921875,0.0392297902949151,"female"
"171","newInput",0.179424628380077,0.0620135229039791,0.171420454545455,0.1378125,0.232471590909091,0.0946590909090909,1.66287845377509,6.18736521234159,0.933122818797577,0.53209943452194,0.135227272727273,0.179424628380077,0.132765700405625,0.0472906403940887,0.269662921348315,1.48637354651163,0,7.2890625,7.2890625,0.199833273788258,"male"
"172","newInput",0.179934728107591,0.0668822530574823,0.193921397379913,0.169711790393013,0.222288209606987,0.0525764192139738,1.71136342250547,5.62992590542868,0.927877178251323,0.553679994668947,0.188052401746725,0.179934728107591,0.16248992837061,0.0484359233097881,0.27906976744186,0.821514423076923,0,6.8203125,6.8203125,0.133456429194235,"female"
"173","newInput",0.195904350496767,0.0602570973381716,0.211657559198543,0.18488160291439,0.230273224043716,0.045391621129326,2.26827782971231,8.50484145327483,0.909444088670929,0.481199970175095,0.225173041894353,0.195904350496767,0.166017656631537,0.0475718533201189,0.272727272727273,0.859011627906977,0,7.3828125,7.3828125,0.111791383219955,"female"
"174","newInput",0.183419109508962,0.0761623694385123,0.210059880239521,0.133413173652695,0.241916167664671,0.108502994011976,1.54036663390289,4.89209207701401,0.954988604280798,0.695212600019115,0.220119760479042,0.183419109508962,0.142820532956377,0.0469667318982388,0.274285714285714,0.334151785714286,0,4.5234375,4.5234375,0.0699481865284974,"female"
"175","newInput",0.187016918677509,0.0636844604975598,0.2016,0.160711111111111,0.230577777777778,0.0698666666666667,1.89803310460513,7.18837794023958,0.94636687701187,0.638968895060032,0.202666666666667,0.187016918677509,0.158753438347509,0.0477611940298507,0.277456647398844,0.644810267857143,0,7.8515625,7.8515625,0.0527777777777778,"female"
"176","newInput",0.16351276377036,0.0760474440245658,0.183083187899942,0.0949621873182083,0.228528214077952,0.133566026759744,1.3020786420508,5.27526460552738,0.97245171179823,0.789833571138172,0.23325189063409,0.16351276377036,0.16116851011749,0.0471050049067713,0.27906976744186,1.57892628205128,0,7.453125,7.453125,0.184777544840438,"female"
"177","newInput",0.144027541838577,0.0798574587107833,0.140750121773015,0.0733755479785679,0.222172430589381,0.148796882610813,0.941556897103068,3.88466357769822,0.974306337179526,0.783848196077786,0.116746225036532,0.144027541838577,0.124669561564928,0.0474308300395257,0.27906976744186,0.746421755725191,0,7.1484375,7.1484375,0.0931360789017726,"male"
"178","newInput",0.169043346944465,0.0641292452854127,0.175799782372144,0.130859630032644,0.212208922742111,0.0813492927094668,1.22924502641046,4.37121628472934,0.960418092815289,0.68499711722701,0.206877040261153,0.169043346944465,0.138960838188533,0.0470588235294118,0.262295081967213,0.807892628205128,0,7.3125,7.3125,0.0857657967032967,"male"
"179","newInput",0.209995723091045,0.0533342634689235,0.217267759562842,0.19431693989071,0.245998785670917,0.0516818457802064,1.74391148288796,5.85830626403523,0.910095620535657,0.42462907187212,0.208257437765634,0.209995723091045,0.164330649770819,0.0480961923847695,0.275862068965517,0.73671875,0,6.8671875,6.8671875,0.0924831432614668,"female"
"180","newInput",0.219094031074347,0.0429856599515869,0.222501454333915,0.204909831297266,0.246771378708551,0.0418615474112856,1.98740066094943,7.00892236974763,0.877499646014582,0.273581747771566,0.206864456079116,0.219094031074347,0.183601219879708,0.0470588235294118,0.27906976744186,0.933859223300971,0,6.8671875,6.8671875,0.120143780408104,"female"
"181","newInput",0.166124085457147,0.0671973964297175,0.175866726699685,0.105393966681675,0.219108509680324,0.113714542998649,1.24478692371794,4.45553104789994,0.954757427935118,0.64131140796462,0.0915263394867177,0.166124085457147,0.106914285664089,0.0469208211143695,0.272727272727273,1.06878277972028,0.0234375,7.0546875,7.03125,0.11,"male"
"182","newInput",0.165511491920976,0.0808139313320006,0.181498371335505,0.0879478827361564,0.237263843648208,0.149315960912052,1.09202719021164,4.66414556714964,0.972898250084806,0.765258804651822,0.252508143322476,0.165511491920976,0.18500914022649,0.05,0.27906976744186,1.62061737804878,0,8.5078125,8.5078125,0.165700062829249,"female"
"183","newInput",0.180000582540068,0.0725609165473352,0.207976878612717,0.122398843930636,0.244190751445087,0.121791907514451,1.64762058911325,5.43300468703083,0.931393334708204,0.542413725652471,0.233468208092486,0.180000582540068,0.123847867640658,0.0491299897645855,0.27906976744186,0.789789244186046,0,5.90625,5.90625,0.103021978021978,"male"
"184","newInput",0.178170643825577,0.0761935882327583,0.210680628272251,0.116230366492147,0.232460732984293,0.116230366492147,2.45480446550967,9.86549214987317,0.939721920828982,0.634704937845624,0.233298429319372,0.178170643825577,0.178412019159272,0.0490296220633299,0.277456647398844,0.884356831395349,0,7.8984375,7.8984375,0.102744807121662,"female"
"185","newInput",0.210725274935533,0.0392485265779759,0.212606382978723,0.203297872340426,0.22936170212766,0.026063829787234,3.44209279329079,17.2433967842885,0.857356674925781,0.270489853321892,0.21186170212766,0.210725274935533,0.18478819607749,0.0473372781065089,0.274285714285714,0.714126275510204,0,6.8203125,6.8203125,0.0751904975347378,"female"
"186","newInput",0.181567364816628,0.070973278574901,0.196152125279642,0.143087248322148,0.237494407158837,0.094407158836689,1.181198978419,3.85164985956304,0.963830168187678,0.705563152064698,0.192572706935123,0.181567364816628,0.165003108169807,0.0470127326150832,0.27906976744186,0.730755447247706,0,7.3359375,7.3359375,0.0900335073638276,"male"
"187","newInput",0.181314551374995,0.0629365327252066,0.177709437963945,0.138069989395546,0.231601272534464,0.0935312831389184,1.46422788742491,5.43204466118439,0.943704534444693,0.574676011935568,0.161972428419936,0.181314551374995,0.141362456471559,0.0470127326150832,0.27906976744186,1.11404001798561,0,7.1953125,7.1953125,0.166666666666667,"male"
"188","newInput",0.171734282237383,0.0571963836358779,0.184,0.144711111111111,0.2096,0.0648888888888889,2.14469941156676,9.32607736351728,0.942646007423262,0.60416474371125,0.198577777777778,0.171734282237383,0.153652667070069,0.0469208211143695,0.272727272727273,0.470643939393939,0,6.7265625,6.7265625,0.0615441041628461,"male"
"189","newInput",0.152443956441331,0.0697100028927866,0.152533333333333,0.111288888888889,0.1872,0.0759111111111111,2.06374717255775,8.00744661154795,0.952746520996771,0.679356733544843,0.149511111111111,0.152443956441331,0.134725303454066,0.0469208211143695,0.277456647398844,0.804392688679245,0,7.1015625,7.1015625,0.0962713292605856,"male"
"190","newInput",0.167164372378944,0.0617737342389517,0.17508460918614,0.136954069298952,0.21276390008058,0.0758098307816277,1.77838209020649,6.09956513646027,0.949401880952337,0.679279540259793,0.216148267526189,0.167164372378944,0.146003624409791,0.0478564307078764,0.265193370165746,0.427734375,0,1.0078125,1.0078125,0.163898117386489,"male"
"191","newInput",0.171087107598124,0.0619226752304245,0.185574065736155,0.112832057631697,0.219486717694732,0.106654660063035,1.29060069369726,4.38894215876156,0.948243446871664,0.57499056712596,0.193138226024313,0.171087107598124,0.111027380182861,0.0473372781065089,0.277456647398844,0.637810202205882,0,11.953125,11.953125,0.049402199904352,"male"
"192","newInput",0.187635040622416,0.0652666523464198,0.166415094339623,0.135890985324948,0.253878406708595,0.117987421383648,1.65150512791437,5.29707383168171,0.906181661642156,0.426444116655713,0.267085953878407,0.187635040622416,0.124102077037631,0.0476190476190476,0.274285714285714,1.23203125,0,7.1953125,7.1953125,0.179269427640763,"male"
"193","newInput",0.165660425766688,0.0757326924523259,0.147701149425287,0.117471264367816,0.24,0.122528735632184,1.60376123889208,5.53029913494277,0.954995994066279,0.661353619598521,0.119540229885057,0.165660425766688,0.124102077037631,0.0476190476190476,0.274285714285714,1.23203125,0,7.1953125,7.1953125,0.179269427640763,"female"
"194","newInput",0.18957484054074,0.0614303742689547,0.208102513553475,0.188092656481025,0.225766387382947,0.0376737309019221,2.662200054005,10.7174777971335,0.903409907611451,0.445858672740598,0.206308526367669,0.18957484054074,0.164878824359241,0.0475247524752475,0.27906976744186,0.590658723021583,0,7.2421875,7.2421875,0.068082828430299,"female"
"195","newInput",0.170327809997063,0.0908665731500419,0.222450592885375,0.0708300395256917,0.247462450592885,0.176632411067194,2.70119069659413,13.1029231011354,0.936881817685369,0.593930951421343,0.236173913043478,0.170327809997063,0.169352458394905,0.0482412060301508,0.277456647398844,0.934927591463415,0,6.9375,6.9375,0.125470407115977,"female"
"196","newInput",0.146966382040395,0.0752109768406686,0.146794117647059,0.0924411764705882,0.1995,0.107058823529412,1.89097531489714,7.59783713316262,0.960850059652919,0.729445455310726,0.135676470588235,0.146966382040395,0.134712076526732,0.0476190476190476,0.271186440677966,0.946980337078652,0,7.0546875,7.0546875,0.137122290776776,"male"
"197","newInput",0.150349142386235,0.0701591609870284,0.148363072148953,0.0981846392552366,0.19788983708301,0.0997051978277735,1.9426049035218,8.20320780608131,0.96233829652935,0.730948210048535,0.145973622963538,0.150349142386235,0.12861140169305,0.0469667318982388,0.277456647398844,0.5,0,5.0859375,5.0859375,0.0550377042312526,"male"
"198","newInput",0.167216857467041,0.0741856336462089,0.17135838150289,0.105202312138728,0.233468208092486,0.128265895953757,1.00847872562682,3.93675610854009,0.968444477682177,0.752993209992571,0.261994219653179,0.167216857467041,0.116526765058643,0.0473372781065089,0.277456647398844,0.876662234042553,0,7.2890625,7.2890625,0.106816013568425,"male"
"199","newInput",0.149611417773142,0.074664059854954,0.158005780346821,0.0799132947976879,0.21242774566474,0.132514450867052,1.39079391992644,7.61722973472927,0.97415388676384,0.793967213719516,0.154364161849711,0.149611417773142,0.157057917766713,0.0470588235294118,0.27906976744186,1.47900390625,0,7.078125,7.078125,0.19703934553954,"male"
"1100","newInput",0.163558821679024,0.0678280048321155,0.162073863636364,0.122301136363636,0.211193181818182,0.0888920454545455,1.20506127462523,4.44034912470775,0.962148412330763,0.700931595092877,0.144971590909091,0.163558821679024,0.141934395804212,0.0477611940298507,0.277456647398844,1.12568264563107,0,7.1484375,7.1484375,0.151967213114754,"male"
"1101","newInput",0.150160391169077,0.0754412054085312,0.1465625,0.0922727272727273,0.221732954545455,0.129460227272727,1.17826595105555,4.62089814245176,0.970514891162032,0.77302150350937,0.163465909090909,0.150160391169077,0.133918072886961,0.047952047952048,0.27906976744186,0.64859693877551,0,6.9609375,6.9609375,0.108063087010455,"male"
"1102","newInput",0.146486622823792,0.0770856587975261,0.144215053763441,0.084,0.209247311827957,0.125247311827957,1.32410564875441,5.75609798752853,0.972766821941534,0.803863274442202,0.149032258064516,0.146486622823792,0.129855249164085,0.0470127326150832,0.27906976744186,0.507172131147541,0,6.609375,6.609375,0.0637675749657833,"male"
"1103","newInput",0.155741849973071,0.0604896405428827,0.167840909090909,0.121704545454545,0.191704545454545,0.07,2.30787048760637,9.00452202413389,0.945697376311211,0.654860164018808,0.182556818181818,0.155741849973071,0.152621942679998,0.0470588235294118,0.272727272727273,1.18607954545455,0,6.84375,6.84375,0.175276887204897,"male"
"1104","newInput",0.156886801654901,0.0646247585618777,0.163468208092486,0.111271676300578,0.206560693641619,0.0952890173410405,1.74147788805409,7.69275267527006,0.963095763106555,0.735594318388609,0.144653179190751,0.156886801654901,0.139392354938893,0.0473372781065089,0.272727272727273,0.409274193548387,0,6.703125,6.703125,0.039613327848622,"male"
"1105","newInput",0.176161764693316,0.0623022195472116,0.157728119180633,0.140782122905028,0.240893854748603,0.100111731843575,2.50470826317797,10.8162620669166,0.897720249412023,0.432425670717485,0.147821229050279,0.176161764693316,0.125842067428643,0.0469208211143695,0.274285714285714,0.426166373239437,0,4.453125,4.453125,0.0628527841342487,"male"
"1106","newInput",0.181583267267918,0.0605433163363446,0.167244318181818,0.143181818181818,0.244801136363636,0.101619318181818,1.8503479273554,5.8249527256477,0.90940269694225,0.449223549447265,0.1596875,0.181583267267918,0.138401623950003,0.0485338725985844,0.27906976744186,1.33295036764706,0,7.125,7.125,0.13561448724905,"male"
"1107","newInput",0.134002337320213,0.0735639677687855,0.137414772727273,0.0676136363636364,0.185738636363636,0.118125,0.93737212127493,4.05902439347053,0.97438685063708,0.794455091138825,0.166846590909091,0.134002337320213,0.13871375155136,0.0476190476190476,0.27906976744186,1.28667091836735,0,7.0078125,7.0078125,0.172043010752688,"male"
"1108","newInput",0.208252663409959,0.078213441442564,0.239132947976879,0.207369942196532,0.259768786127168,0.0523988439306358,2.4494527770026,9.57601017806881,0.897979377810773,0.434371126280153,0.258757225433526,0.208252663409959,0.199044947112347,0.0489795918367347,0.27906976744186,0.715353260869565,0,7.1953125,7.1953125,0.0672793547386381,"male"
"1109","newInput",0.156675416960271,0.0548912809692122,0.157897727272727,0.136619318181818,0.183153409090909,0.0465340909090909,2.25664708823588,8.01611734992819,0.926736035890597,0.569336469373109,0.178181818181818,0.156675416960271,0.150822649209062,0.0476190476190476,0.27906976744186,0.819104381443299,0,7.8515625,7.8515625,0.0769154228855721,"male"
"1110","newInput",0.15862051133335,0.0639088183714648,0.157905759162304,0.131099476439791,0.183874345549738,0.0527748691099476,2.11872920855716,7.61747795482563,0.934513675747915,0.584443538687937,0.154973821989529,0.15862051133335,0.133934433816651,0.0471976401179941,0.275862068965517,1.20646237864078,0,8.4609375,8.4609375,0.0673773748565992,"male"
"1111","newInput",0.15372365212012,0.0693807794463872,0.131937172774869,0.11455497382199,0.224083769633508,0.109528795811518,2.85062111489965,13.329988585263,0.931799199943813,0.600838190001228,0.126492146596859,0.15372365212012,0.125247214606616,0.0476663356504469,0.266666666666667,1.2068661971831,0,7.2890625,7.2890625,0.200544150383379,"male"
"1112","newInput",0.169668891332902,0.064252548333151,0.179375,0.151335227272727,0.212386363636364,0.0610511363636364,1.93160672495865,7.22796747395646,0.943375227183146,0.61887993121761,0.174801136363636,0.169668891332902,0.150046349387107,0.0476190476190476,0.272727272727273,1.2615234375,0,7.03125,7.03125,0.198044444444444,"male"
"1113","newInput",0.163792593838276,0.0708931274483535,0.160251572327044,0.117987421383648,0.22335429769392,0.105366876310273,1.26630938888343,4.68010429902759,0.962618969649655,0.733048100581855,0.15496855345912,0.163792593838276,0.137359908911032,0.049079754601227,0.277456647398844,0.483984375,0.046875,7.1484375,7.1015625,0.0661834040546912,"male"
"1114","newInput",0.194659008258436,0.0689225755546147,0.222130681818182,0.131846590909091,0.252954545454545,0.121107954545455,2.31618114589251,9.27019699999362,0.925035348382531,0.525411780501015,0.249176136363636,0.194659008258436,0.116159795570382,0.0471512770137525,0.271186440677966,0.945581896551724,0,8.0625,8.0625,0.0654069767441861,"male"
"1115","newInput",0.167141333498058,0.0586329762524186,0.175950349107836,0.146190845616757,0.203103180760279,0.0569123351435221,2.22258411396722,9.14424109526254,0.941117921707291,0.625094438674782,0.1833359193173,0.167141333498058,0.146255024689069,0.0475718533201189,0.277456647398844,0.597981770833333,0,6.140625,6.140625,0.069065794256634,"male"
"1116","newInput",0.183010952059702,0.0644289518477952,0.166705202312139,0.14242774566474,0.252890173410405,0.110462427745665,2.34300585158568,9.10934745034864,0.913412415646431,0.483797002461753,0.277774566473988,0.183010952059702,0.138317601937996,0.0474308300395257,0.27906976744186,1.03571428571429,0,7.640625,7.640625,0.136042944785276,"male"
"1117","newInput",0.1850469344659,0.0627538890747816,0.167033689400164,0.138044371405094,0.249630238290879,0.111585866885785,1.73271050805848,5.96110455471057,0.909564658650939,0.422124865512628,0.141495480690222,0.1850469344659,0.140129669942282,0.0501043841336117,0.27906976744186,1.20288461538462,0.0234375,6.84375,6.8203125,0.222144562874949,"male"
"1118","newInput",0.1247512093648,0.0738521423820605,0.118125,0.0576704545454545,0.184545454545455,0.126875,1.18634498944914,4.50277243618485,0.968147439016322,0.75488747484883,0.0517045454545455,0.1247512093648,0.157006413555417,0.0469208211143695,0.27906976744186,1.88879964953271,0,6.984375,6.984375,0.204862481905514,"male"
"1119","newInput",0.177371676374772,0.0601429923461634,0.169630681818182,0.141392045454545,0.214971590909091,0.0735795454545455,1.61158814086524,5.35278005691332,0.933110715889442,0.541839563212221,0.161278409090909,0.177371676374772,0.139683648439911,0.0476663356504469,0.27906976744186,1.4794921875,0,7.3359375,7.3359375,0.162261593571498,"male"
"1120","newInput",0.140921108607077,0.0719300397930583,0.147265469061876,0.0813173652694611,0.190858283433134,0.109540918163673,0.400179707333095,2.51938517800749,0.983557650777769,0.87468045691567,0.157884231536926,0.140921108607077,0.172118764252347,0.0471512770137525,0.27906976744186,0.935958059210526,0,7.1015625,7.1015625,0.0935394909353949,"female"
"1121","newInput",0.140531407465582,0.0779290587082126,0.135028409090909,0.0717897727272727,0.208409090909091,0.136619318181818,0.571195729688455,2.8777218531169,0.977301033291036,0.810509730152267,0.0582670454545455,0.140531407465582,0.126169129964437,0.0475718533201189,0.27906976744186,1.30514171511628,0,7.640625,7.640625,0.163722374159214,"male"
"1122","newInput",0.152776964479469,0.0743433182234105,0.148352272727273,0.0914772727272727,0.222130681818182,0.130653409090909,0.920108412504524,4.45347422304207,0.976730650534981,0.806992957583072,0.151136363636364,0.152776964479469,0.136077451702111,0.0472906403940887,0.275862068965517,1.29,0,7.6875,7.6875,0.142079392732703,"male"
"1123","newInput",0.169286371395069,0.0494358230479021,0.167244318181818,0.144971590909091,0.196079545454545,0.0511079545454545,1.87957362580895,6.12649856504321,0.919375990070359,0.486845054937318,0.155511363636364,0.169286371395069,0.144447583980862,0.047952047952048,0.266666666666667,1.22419507575758,0,8.7890625,8.7890625,0.106202898550725,"male"
"1124","newInput",0.179518015546474,0.055552787812376,0.168323699421965,0.144450867052023,0.211011560693642,0.0665606936416185,1.93948410171754,6.36396836703791,0.897730832674554,0.382431889627385,0.168526011560694,0.179518015546474,0.139287054158791,0.0474777448071217,0.274285714285714,0.752757352941177,0,7.0078125,7.0078125,0.0840345009681394,"male"
"1125","newInput",0.161041442739015,0.085517454241177,0.148263473053892,0.08,0.244550898203593,0.164550898203593,1.52166526978625,6.09520334045103,0.958227858272574,0.696905082646994,0.279041916167665,0.161041442739015,0.120817985355293,0.0483870967741936,0.269662921348315,0.418323863636364,0,1.734375,1.734375,0.0900900900900901,"male"
"1126","newInput",0.170721363997604,0.0643573804940537,0.169942196531792,0.137167630057803,0.207976878612717,0.0708092485549133,1.49023727484239,4.95941621826635,0.944716234637593,0.608303170111094,0.17621387283237,0.170721363997604,0.139837448939108,0.047244094488189,0.27906976744186,1.18533909574468,0.046875,7.265625,7.21875,0.103253888968175,"male"
"1127","newInput",0.164720401924498,0.0805912230192056,0.159886363636364,0.122698863636364,0.248579545454545,0.125880681818182,2.46356921299844,10.2039134548995,0.947890067094046,0.684595504863997,0.276818181818182,0.164720401924498,0.127565147598572,0.047952047952048,0.260869565217391,0.949337121212121,0,6.7265625,6.7265625,0.0975972706155633,"male"
"1128","newInput",0.138521161981608,0.0753795430679922,0.14121387283237,0.0742485549132948,0.176820809248555,0.10257225433526,1.64704688011966,6.76997750197765,0.960182825981034,0.718033141732179,0.147687861271676,0.138521161981608,0.138849702478834,0.0478564307078764,0.27906976744186,0.730618990384615,0,7.3359375,7.3359375,0.101083627021508,"male"
"1129","newInput",0.151276127798581,0.0709736928038852,0.155780346820809,0.0965028901734104,0.20150289017341,0.105,2.55342002324309,14.6309546687594,0.967212711251994,0.76299178975643,0.148092485549133,0.151276127798581,0.12916893125076,0.0471512770137525,0.27906976744186,0.98876953125,0,7.21875,7.21875,0.175394497975143,"male"
"1130","newInput",0.162976915109809,0.078822077079283,0.16893063583815,0.100751445086705,0.229421965317919,0.128670520231214,1.31885049553385,5.07287178249956,0.970099309235825,0.774094942555409,0.274739884393064,0.162976915109809,0.143806874314825,0.0483870967741936,0.277456647398844,1.11708603896104,0,12,12,0.108289930555556,"male"
"1131","newInput",0.145704066008462,0.0731515433941346,0.142585227272727,0.0821306818181818,0.204630681818182,0.1225,0.898916700706281,4.16718296609279,0.974548142203528,0.787838628348263,0.0801420454545455,0.145704066008462,0.106825777098191,0.0476190476190476,0.27906976744186,1.02568359375,0.046875,7.078125,7.03125,0.134885844748858,"male"
"1132","newInput",0.17692602275207,0.0566784015663055,0.178380681818182,0.146363636363636,0.205227272727273,0.0588636363636364,2.5548009604255,11.6254741318523,0.923491544578995,0.528889872519351,0.14875,0.17692602275207,0.132306704188425,0.0469208211143695,0.27906976744186,1.84418890449438,0,7.6640625,7.6640625,0.107181017648576,"male"
"1133","newInput",0.186979022330119,0.0693384180017407,0.184545454545455,0.1290625,0.255539772727273,0.126477272727273,3.21778926925279,16.9389085742054,0.892699257035553,0.420391925385344,0.128863636363636,0.186979022330119,0.123846478373934,0.047244094488189,0.27906976744186,0.570591517857143,0.1171875,6.3515625,6.234375,0.0510410641989589,"male"
"1134","newInput",0.153313714272789,0.0643811291826264,0.156791907514451,0.120173410404624,0.192803468208092,0.0726300578034682,1.98476707507561,7.79135618103992,0.954936274260483,0.678495650988151,0.165693641618497,0.153313714272789,0.132974175177207,0.0476190476190476,0.277456647398844,0.894649621212121,0.0234375,6.984375,6.9609375,0.128805788380256,"male"
"1135","newInput",0.171101666289117,0.0707051942983128,0.157196531791908,0.123612716763006,0.243583815028902,0.119971098265896,1.74607736866599,6.23564700693833,0.944061071026077,0.622877267739586,0.126242774566474,0.171101666289117,0.121800607036962,0.0471512770137525,0.269662921348315,0.891123670212766,0,5.9296875,5.9296875,0.127629733520337,"male"
"1136","newInput",0.171258367729053,0.0670571899899319,0.153323863636364,0.1203125,0.234659090909091,0.114346590909091,1.41513550762113,4.69647393329313,0.935180917726429,0.544053181272231,0.131647727272727,0.171258367729053,0.125270188559679,0.0471512770137525,0.277456647398844,1.68234375,0,7.4765625,7.4765625,0.182518508637364,"male"
"1137","newInput",0.149657607949776,0.0828524007238554,0.147556818181818,0.0747727272727273,0.230085227272727,0.1553125,0.97008915117459,4.43096721316595,0.978219638948222,0.829102502283566,0.239431818181818,0.149657607949776,0.153311483598532,0.0476663356504469,0.27906976744186,1.073974609375,0,8.25,8.25,0.0767656402737048,"female"
"1138","newInput",0.177505242623625,0.0775993328965227,0.167045454545455,0.1225,0.252159090909091,0.129659090909091,1.8716996771082,6.03593108464039,0.932121143575915,0.570693576410761,0.130653409090909,0.177505242623625,0.127403765613687,0.0479041916167665,0.277456647398844,0.580078125,0,6.609375,6.609375,0.0909470171047142,"male"
"1139","newInput",0.154270770649027,0.0696352144806265,0.151329479768786,0.109046242774566,0.199075144508671,0.090028901734104,2.38352159479228,10.2714909159509,0.954504006472167,0.695455865392547,0.153150289017341,0.154270770649027,0.130854462545671,0.047244094488189,0.27906976744186,1.24192708333333,0,8.296875,8.296875,0.114293135917917,"male"
"1140","newInput",0.165318879148996,0.0715181403925289,0.160482954545455,0.125681818181818,0.230284090909091,0.104602272727273,1.59449434329442,5.83094856849688,0.955913707982239,0.684607176481299,0.130653409090909,0.165318879148996,0.13510432301145,0.0469208211143695,0.275862068965517,1.35859375,0,11.5546875,11.5546875,0.0988193685962449,"male"
"1141","newInput",0.177371114618253,0.0634709245486338,0.202443181818182,0.117130681818182,0.224715909090909,0.107585227272727,2.92322431163465,14.5232503092052,0.915042049320116,0.503114430398537,0.203039772727273,0.177371114618253,0.120132000358368,0.0471512770137525,0.277456647398844,0.525453629032258,0,6.6328125,6.6328125,0.0471954835303196,"male"
"1142","newInput",0.174785473712381,0.0645379645932539,0.202919075144509,0.112890173410405,0.220924855491329,0.108034682080925,2.88542630964294,13.2131956326718,0.921733812032447,0.54539836977104,0.212225433526012,0.174785473712381,0.118324755163801,0.0472906403940887,0.27906976744186,1.2040625,0,6.8671875,6.8671875,0.120229599751784,"male"
"1143","newInput",0.173677523469846,0.0494085422073014,0.175606936416185,0.154364161849711,0.197861271676301,0.0434971098265896,2.16249698656077,7.73878327541897,0.912610958424458,0.482682431008397,0.170549132947977,0.173677523469846,0.147147481200636,0.0470588235294118,0.277456647398844,1.19182180851064,0,7.125,7.125,0.151352749852158,"male"
"1144","newInput",0.19486011743628,0.0668447619354615,0.210397727272727,0.184744318181818,0.241022727272727,0.0562784090909091,2.19228751475799,8.41384825503309,0.926803630257423,0.554443272316361,0.201448863636364,0.19486011743628,0.177082380199127,0.0481927710843374,0.27906976744186,1.33784520348837,0,7.2421875,7.2421875,0.171686996929715,"male"
"1145","newInput",0.194588600262575,0.0540954461661484,0.20622754491018,0.167185628742515,0.232814371257485,0.06562874251497,1.50798891096475,4.856449322975,0.919303470488424,0.471469520842375,0.22059880239521,0.194588600262575,0.168852647562589,0.0471976401179941,0.277456647398844,0.904551630434783,0,6.796875,6.796875,0.0835632183908046,"male"
"1146","newInput",0.180547081311692,0.0552131211020287,0.174393063583815,0.148294797687861,0.208988439306358,0.0606936416184971,1.52396628122423,4.6709810372649,0.913304784991836,0.426470183443483,0.177225433526012,0.180547081311692,0.137238658292681,0.0470588235294118,0.274285714285714,0.64609375,0,7.171875,7.171875,0.0883121876201461,"male"
"1147","newInput",0.183511484459613,0.0639878451706878,0.189318181818182,0.144971590909091,0.235653409090909,0.0906818181818182,1.0634260559582,3.66879342981213,0.95415744827418,0.633915426476713,0.171818181818182,0.183511484459613,0.145427779802267,0.0469667318982388,0.27906976744186,0.924424342105263,0,7.8515625,7.8515625,0.0948410123296561,"male"
"1148","newInput",0.1610048511037,0.0666647782646227,0.17397628458498,0.128600790513834,0.206071146245059,0.0774703557312253,2.30281259104227,10.9784296791046,0.955855349984747,0.702801095524306,0.17596837944664,0.1610048511037,0.146677791712791,0.0473372781065089,0.271186440677966,1.03481657608696,0,7.546875,7.546875,0.0943456843007068,"male"
"1149","newInput",0.167188942062796,0.074187155726598,0.154971098265896,0.113092485549133,0.241965317919075,0.128872832369942,1.64050611475348,6.12571689097368,0.95256390279217,0.658097126605396,0.129075144508671,0.167188942062796,0.12353950218423,0.048,0.27906976744186,0.612379807692308,0,6.796875,6.796875,0.078352490421456,"male"
"1150","newInput",0.185892408735474,0.0544601678886755,0.194151880766501,0.151029098651526,0.221973030518098,0.070943931866572,1.28503421460293,4.01525448852603,0.939142837183216,0.51817642710581,0.188786373314407,0.185892408735474,0.143416190087447,0.0487804878048781,0.265193370165746,0.57972515060241,0,5.484375,5.484375,0.0645894190197988,"male"
